[
{
  "model": "admin.logentry",
  "pk": 1,
  "fields": {
    "action_time": "2021-05-01T13:11:51.323Z",
    "user": 1,
    "content_type": 8,
    "object_id": "1",
    "object_repr": "b69520707c58c545824f8ec3063e7183cc794784",
    "action_flag": 1,
    "change_message": "[{\"added\": {}}]"
  }
},
{
  "model": "admin.logentry",
  "pk": 2,
  "fields": {
    "action_time": "2021-05-01T13:15:33.162Z",
    "user": 1,
    "content_type": 4,
    "object_id": "2",
    "object_repr": "Testuser",
    "action_flag": 1,
    "change_message": "[{\"added\": {}}]"
  }
},
{
  "model": "admin.logentry",
  "pk": 3,
  "fields": {
    "action_time": "2021-05-01T13:16:08.943Z",
    "user": 1,
    "content_type": 4,
    "object_id": "2",
    "object_repr": "Testuser",
    "action_flag": 2,
    "change_message": "[{\"changed\": {\"fields\": [\"Staff status\"]}}]"
  }
},
{
  "model": "admin.logentry",
  "pk": 4,
  "fields": {
    "action_time": "2021-05-01T13:17:08.099Z",
    "user": 1,
    "content_type": 4,
    "object_id": "2",
    "object_repr": "testuser",
    "action_flag": 2,
    "change_message": "[{\"changed\": {\"fields\": [\"Username\"]}}]"
  }
},
{
  "model": "admin.logentry",
  "pk": 5,
  "fields": {
    "action_time": "2021-05-01T13:17:26.459Z",
    "user": 1,
    "content_type": 8,
    "object_id": "2",
    "object_repr": "338fa5cc838b987b24b498c31a16c90f36d47f06",
    "action_flag": 1,
    "change_message": "[{\"added\": {}}]"
  }
},
{
  "model": "admin.logentry",
  "pk": 6,
  "fields": {
    "action_time": "2021-05-05T22:58:30.308Z",
    "user": 1,
    "content_type": 12,
    "object_id": "110",
    "object_repr": "Заказ № 110 на сумму 0.00",
    "action_flag": 3,
    "change_message": ""
  }
},
{
  "model": "admin.logentry",
  "pk": 7,
  "fields": {
    "action_time": "2021-05-05T22:58:30.313Z",
    "user": 1,
    "content_type": 12,
    "object_id": "109",
    "object_repr": "Заказ № 109 на сумму 0.00",
    "action_flag": 3,
    "change_message": ""
  }
},
{
  "model": "admin.logentry",
  "pk": 8,
  "fields": {
    "action_time": "2021-05-05T22:58:30.314Z",
    "user": 1,
    "content_type": 12,
    "object_id": "108",
    "object_repr": "Заказ № 108 на сумму 469980.00",
    "action_flag": 3,
    "change_message": ""
  }
},
{
  "model": "admin.logentry",
  "pk": 9,
  "fields": {
    "action_time": "2021-05-05T22:58:30.315Z",
    "user": 1,
    "content_type": 12,
    "object_id": "107",
    "object_repr": "Заказ № 107 на сумму 0.00",
    "action_flag": 3,
    "change_message": ""
  }
},
{
  "model": "admin.logentry",
  "pk": 10,
  "fields": {
    "action_time": "2021-05-05T22:58:30.316Z",
    "user": 1,
    "content_type": 12,
    "object_id": "106",
    "object_repr": "Заказ № 106 на сумму 0.00",
    "action_flag": 3,
    "change_message": ""
  }
},
{
  "model": "admin.logentry",
  "pk": 11,
  "fields": {
    "action_time": "2021-05-05T22:58:30.317Z",
    "user": 1,
    "content_type": 12,
    "object_id": "105",
    "object_repr": "Заказ № 105 на сумму 469980.00",
    "action_flag": 3,
    "change_message": ""
  }
},
{
  "model": "admin.logentry",
  "pk": 12,
  "fields": {
    "action_time": "2021-05-05T22:58:30.318Z",
    "user": 1,
    "content_type": 12,
    "object_id": "104",
    "object_repr": "Заказ № 104 на сумму 469980.00",
    "action_flag": 3,
    "change_message": ""
  }
},
{
  "model": "admin.logentry",
  "pk": 13,
  "fields": {
    "action_time": "2021-05-05T22:58:30.320Z",
    "user": 1,
    "content_type": 12,
    "object_id": "103",
    "object_repr": "Заказ № 103 на сумму 0.00",
    "action_flag": 3,
    "change_message": ""
  }
},
{
  "model": "admin.logentry",
  "pk": 14,
  "fields": {
    "action_time": "2021-05-05T22:58:30.321Z",
    "user": 1,
    "content_type": 12,
    "object_id": "102",
    "object_repr": "Заказ № 102 на сумму 0.00",
    "action_flag": 3,
    "change_message": ""
  }
},
{
  "model": "admin.logentry",
  "pk": 15,
  "fields": {
    "action_time": "2021-05-05T22:58:30.322Z",
    "user": 1,
    "content_type": 12,
    "object_id": "101",
    "object_repr": "Заказ № 101 на сумму 299980.00",
    "action_flag": 3,
    "change_message": ""
  }
},
{
  "model": "admin.logentry",
  "pk": 16,
  "fields": {
    "action_time": "2021-05-05T22:58:30.323Z",
    "user": 1,
    "content_type": 12,
    "object_id": "100",
    "object_repr": "Заказ № 100 на сумму 469980.00",
    "action_flag": 3,
    "change_message": ""
  }
},
{
  "model": "admin.logentry",
  "pk": 17,
  "fields": {
    "action_time": "2021-05-05T22:58:30.324Z",
    "user": 1,
    "content_type": 12,
    "object_id": "99",
    "object_repr": "Заказ № 99 на сумму 0.00",
    "action_flag": 3,
    "change_message": ""
  }
},
{
  "model": "admin.logentry",
  "pk": 18,
  "fields": {
    "action_time": "2021-05-05T22:58:30.326Z",
    "user": 1,
    "content_type": 12,
    "object_id": "98",
    "object_repr": "Заказ № 98 на сумму 0.00",
    "action_flag": 3,
    "change_message": ""
  }
},
{
  "model": "admin.logentry",
  "pk": 19,
  "fields": {
    "action_time": "2021-05-05T22:58:30.327Z",
    "user": 1,
    "content_type": 12,
    "object_id": "97",
    "object_repr": "Заказ № 97 на сумму 469980.00",
    "action_flag": 3,
    "change_message": ""
  }
},
{
  "model": "admin.logentry",
  "pk": 20,
  "fields": {
    "action_time": "2021-05-05T22:58:30.327Z",
    "user": 1,
    "content_type": 12,
    "object_id": "96",
    "object_repr": "Заказ № 96 на сумму 469980.00",
    "action_flag": 3,
    "change_message": ""
  }
},
{
  "model": "admin.logentry",
  "pk": 21,
  "fields": {
    "action_time": "2021-05-05T22:58:30.328Z",
    "user": 1,
    "content_type": 12,
    "object_id": "95",
    "object_repr": "Заказ № 95 на сумму 0.00",
    "action_flag": 3,
    "change_message": ""
  }
},
{
  "model": "admin.logentry",
  "pk": 22,
  "fields": {
    "action_time": "2021-05-05T22:58:30.329Z",
    "user": 1,
    "content_type": 12,
    "object_id": "94",
    "object_repr": "Заказ № 94 на сумму 0.00",
    "action_flag": 3,
    "change_message": ""
  }
},
{
  "model": "admin.logentry",
  "pk": 23,
  "fields": {
    "action_time": "2021-05-05T22:58:30.330Z",
    "user": 1,
    "content_type": 12,
    "object_id": "93",
    "object_repr": "Заказ № 93 на сумму 0.00",
    "action_flag": 3,
    "change_message": ""
  }
},
{
  "model": "admin.logentry",
  "pk": 24,
  "fields": {
    "action_time": "2021-05-05T22:58:30.331Z",
    "user": 1,
    "content_type": 12,
    "object_id": "92",
    "object_repr": "Заказ № 92 на сумму 469980.00",
    "action_flag": 3,
    "change_message": ""
  }
},
{
  "model": "admin.logentry",
  "pk": 25,
  "fields": {
    "action_time": "2021-05-05T22:58:30.331Z",
    "user": 1,
    "content_type": 12,
    "object_id": "91",
    "object_repr": "Заказ № 91 на сумму 469980.00",
    "action_flag": 3,
    "change_message": ""
  }
},
{
  "model": "admin.logentry",
  "pk": 26,
  "fields": {
    "action_time": "2021-05-05T22:58:30.332Z",
    "user": 1,
    "content_type": 12,
    "object_id": "90",
    "object_repr": "Заказ № 90 на сумму 469980.00",
    "action_flag": 3,
    "change_message": ""
  }
},
{
  "model": "admin.logentry",
  "pk": 27,
  "fields": {
    "action_time": "2021-05-05T22:58:30.333Z",
    "user": 1,
    "content_type": 12,
    "object_id": "89",
    "object_repr": "Заказ № 89 на сумму 0.00",
    "action_flag": 3,
    "change_message": ""
  }
},
{
  "model": "admin.logentry",
  "pk": 28,
  "fields": {
    "action_time": "2021-05-05T22:58:30.333Z",
    "user": 1,
    "content_type": 12,
    "object_id": "88",
    "object_repr": "Заказ № 88 на сумму 469980.00",
    "action_flag": 3,
    "change_message": ""
  }
},
{
  "model": "admin.logentry",
  "pk": 29,
  "fields": {
    "action_time": "2021-05-05T22:58:30.334Z",
    "user": 1,
    "content_type": 12,
    "object_id": "87",
    "object_repr": "Заказ № 87 на сумму 469980.00",
    "action_flag": 3,
    "change_message": ""
  }
},
{
  "model": "admin.logentry",
  "pk": 30,
  "fields": {
    "action_time": "2021-05-05T22:58:30.335Z",
    "user": 1,
    "content_type": 12,
    "object_id": "86",
    "object_repr": "Заказ № 86 на сумму 469980.00",
    "action_flag": 3,
    "change_message": ""
  }
},
{
  "model": "admin.logentry",
  "pk": 31,
  "fields": {
    "action_time": "2021-05-05T22:58:30.336Z",
    "user": 1,
    "content_type": 12,
    "object_id": "85",
    "object_repr": "Заказ № 85 на сумму 299980.00",
    "action_flag": 3,
    "change_message": ""
  }
},
{
  "model": "admin.logentry",
  "pk": 32,
  "fields": {
    "action_time": "2021-05-05T22:58:30.336Z",
    "user": 1,
    "content_type": 12,
    "object_id": "84",
    "object_repr": "Заказ № 84 на сумму 299980.00",
    "action_flag": 3,
    "change_message": ""
  }
},
{
  "model": "admin.logentry",
  "pk": 33,
  "fields": {
    "action_time": "2021-05-05T22:58:30.337Z",
    "user": 1,
    "content_type": 12,
    "object_id": "83",
    "object_repr": "Заказ № 83 на сумму 0.00",
    "action_flag": 3,
    "change_message": ""
  }
},
{
  "model": "admin.logentry",
  "pk": 34,
  "fields": {
    "action_time": "2021-05-05T22:58:30.338Z",
    "user": 1,
    "content_type": 12,
    "object_id": "82",
    "object_repr": "Заказ № 82 на сумму 299980.00",
    "action_flag": 3,
    "change_message": ""
  }
},
{
  "model": "admin.logentry",
  "pk": 35,
  "fields": {
    "action_time": "2021-05-05T22:58:30.338Z",
    "user": 1,
    "content_type": 12,
    "object_id": "81",
    "object_repr": "Заказ № 81 на сумму 299980.00",
    "action_flag": 3,
    "change_message": ""
  }
},
{
  "model": "admin.logentry",
  "pk": 36,
  "fields": {
    "action_time": "2021-05-05T22:58:30.339Z",
    "user": 1,
    "content_type": 12,
    "object_id": "80",
    "object_repr": "Заказ № 80 на сумму 299980.00",
    "action_flag": 3,
    "change_message": ""
  }
},
{
  "model": "admin.logentry",
  "pk": 37,
  "fields": {
    "action_time": "2021-05-05T22:58:30.339Z",
    "user": 1,
    "content_type": 12,
    "object_id": "79",
    "object_repr": "Заказ № 79 на сумму 299980.00",
    "action_flag": 3,
    "change_message": ""
  }
},
{
  "model": "admin.logentry",
  "pk": 38,
  "fields": {
    "action_time": "2021-05-05T22:58:30.340Z",
    "user": 1,
    "content_type": 12,
    "object_id": "78",
    "object_repr": "Заказ № 78 на сумму 0.00",
    "action_flag": 3,
    "change_message": ""
  }
},
{
  "model": "admin.logentry",
  "pk": 39,
  "fields": {
    "action_time": "2021-05-05T22:58:30.341Z",
    "user": 1,
    "content_type": 12,
    "object_id": "77",
    "object_repr": "Заказ № 77 на сумму 299980.00",
    "action_flag": 3,
    "change_message": ""
  }
},
{
  "model": "admin.logentry",
  "pk": 40,
  "fields": {
    "action_time": "2021-05-05T22:58:30.342Z",
    "user": 1,
    "content_type": 12,
    "object_id": "76",
    "object_repr": "Заказ № 76 на сумму 469980.00",
    "action_flag": 3,
    "change_message": ""
  }
},
{
  "model": "admin.logentry",
  "pk": 41,
  "fields": {
    "action_time": "2021-05-05T22:58:30.342Z",
    "user": 1,
    "content_type": 12,
    "object_id": "75",
    "object_repr": "Заказ № 75 на сумму 299980.00",
    "action_flag": 3,
    "change_message": ""
  }
},
{
  "model": "admin.logentry",
  "pk": 42,
  "fields": {
    "action_time": "2021-05-05T22:58:30.343Z",
    "user": 1,
    "content_type": 12,
    "object_id": "74",
    "object_repr": "Заказ № 74 на сумму 469980.00",
    "action_flag": 3,
    "change_message": ""
  }
},
{
  "model": "admin.logentry",
  "pk": 43,
  "fields": {
    "action_time": "2021-05-05T22:58:30.344Z",
    "user": 1,
    "content_type": 12,
    "object_id": "73",
    "object_repr": "Заказ № 73 на сумму 1579940.00",
    "action_flag": 3,
    "change_message": ""
  }
},
{
  "model": "admin.logentry",
  "pk": 44,
  "fields": {
    "action_time": "2021-05-05T22:58:30.344Z",
    "user": 1,
    "content_type": 12,
    "object_id": "72",
    "object_repr": "Заказ № 72 на сумму 0.00",
    "action_flag": 3,
    "change_message": ""
  }
},
{
  "model": "admin.logentry",
  "pk": 45,
  "fields": {
    "action_time": "2021-05-05T22:58:30.345Z",
    "user": 1,
    "content_type": 12,
    "object_id": "71",
    "object_repr": "Заказ № 71 на сумму 0.00",
    "action_flag": 3,
    "change_message": ""
  }
},
{
  "model": "admin.logentry",
  "pk": 46,
  "fields": {
    "action_time": "2021-05-05T22:58:30.346Z",
    "user": 1,
    "content_type": 12,
    "object_id": "70",
    "object_repr": "Заказ № 70 на сумму 0.00",
    "action_flag": 3,
    "change_message": ""
  }
},
{
  "model": "admin.logentry",
  "pk": 47,
  "fields": {
    "action_time": "2021-05-05T22:58:30.346Z",
    "user": 1,
    "content_type": 12,
    "object_id": "69",
    "object_repr": "Заказ № 69 на сумму 0.00",
    "action_flag": 3,
    "change_message": ""
  }
},
{
  "model": "admin.logentry",
  "pk": 48,
  "fields": {
    "action_time": "2021-05-05T22:58:30.347Z",
    "user": 1,
    "content_type": 12,
    "object_id": "68",
    "object_repr": "Заказ № 68 на сумму 0.00",
    "action_flag": 3,
    "change_message": ""
  }
},
{
  "model": "admin.logentry",
  "pk": 49,
  "fields": {
    "action_time": "2021-05-05T22:58:30.348Z",
    "user": 1,
    "content_type": 12,
    "object_id": "67",
    "object_repr": "Заказ № 67 на сумму 0.00",
    "action_flag": 3,
    "change_message": ""
  }
},
{
  "model": "admin.logentry",
  "pk": 50,
  "fields": {
    "action_time": "2021-05-05T22:58:30.348Z",
    "user": 1,
    "content_type": 12,
    "object_id": "66",
    "object_repr": "Заказ № 66 на сумму 0.00",
    "action_flag": 3,
    "change_message": ""
  }
},
{
  "model": "admin.logentry",
  "pk": 51,
  "fields": {
    "action_time": "2021-05-05T22:58:30.349Z",
    "user": 1,
    "content_type": 12,
    "object_id": "65",
    "object_repr": "Заказ № 65 на сумму 0.00",
    "action_flag": 3,
    "change_message": ""
  }
},
{
  "model": "admin.logentry",
  "pk": 52,
  "fields": {
    "action_time": "2021-05-05T22:58:30.350Z",
    "user": 1,
    "content_type": 12,
    "object_id": "64",
    "object_repr": "Заказ № 64 на сумму 0.00",
    "action_flag": 3,
    "change_message": ""
  }
},
{
  "model": "admin.logentry",
  "pk": 53,
  "fields": {
    "action_time": "2021-05-05T22:58:30.351Z",
    "user": 1,
    "content_type": 12,
    "object_id": "63",
    "object_repr": "Заказ № 63 на сумму 0.00",
    "action_flag": 3,
    "change_message": ""
  }
},
{
  "model": "admin.logentry",
  "pk": 54,
  "fields": {
    "action_time": "2021-05-05T22:58:30.351Z",
    "user": 1,
    "content_type": 12,
    "object_id": "62",
    "object_repr": "Заказ № 62 на сумму 0.00",
    "action_flag": 3,
    "change_message": ""
  }
},
{
  "model": "admin.logentry",
  "pk": 55,
  "fields": {
    "action_time": "2021-05-05T22:58:30.352Z",
    "user": 1,
    "content_type": 12,
    "object_id": "61",
    "object_repr": "Заказ № 61 на сумму 0.00",
    "action_flag": 3,
    "change_message": ""
  }
},
{
  "model": "admin.logentry",
  "pk": 56,
  "fields": {
    "action_time": "2021-05-05T22:58:30.353Z",
    "user": 1,
    "content_type": 12,
    "object_id": "60",
    "object_repr": "Заказ № 60 на сумму 0.00",
    "action_flag": 3,
    "change_message": ""
  }
},
{
  "model": "admin.logentry",
  "pk": 57,
  "fields": {
    "action_time": "2021-05-05T22:58:30.354Z",
    "user": 1,
    "content_type": 12,
    "object_id": "59",
    "object_repr": "Заказ № 59 на сумму 0.00",
    "action_flag": 3,
    "change_message": ""
  }
},
{
  "model": "admin.logentry",
  "pk": 58,
  "fields": {
    "action_time": "2021-05-05T22:58:30.355Z",
    "user": 1,
    "content_type": 12,
    "object_id": "58",
    "object_repr": "Заказ № 58 на сумму 0.00",
    "action_flag": 3,
    "change_message": ""
  }
},
{
  "model": "admin.logentry",
  "pk": 59,
  "fields": {
    "action_time": "2021-05-05T22:58:30.356Z",
    "user": 1,
    "content_type": 12,
    "object_id": "57",
    "object_repr": "Заказ № 57 на сумму 0.00",
    "action_flag": 3,
    "change_message": ""
  }
},
{
  "model": "admin.logentry",
  "pk": 60,
  "fields": {
    "action_time": "2021-05-05T22:58:30.357Z",
    "user": 1,
    "content_type": 12,
    "object_id": "56",
    "object_repr": "Заказ № 56 на сумму 0.00",
    "action_flag": 3,
    "change_message": ""
  }
},
{
  "model": "admin.logentry",
  "pk": 61,
  "fields": {
    "action_time": "2021-05-05T22:58:30.358Z",
    "user": 1,
    "content_type": 12,
    "object_id": "55",
    "object_repr": "Заказ № 55 на сумму 0.00",
    "action_flag": 3,
    "change_message": ""
  }
},
{
  "model": "admin.logentry",
  "pk": 62,
  "fields": {
    "action_time": "2021-05-05T22:58:30.359Z",
    "user": 1,
    "content_type": 12,
    "object_id": "54",
    "object_repr": "Заказ № 54 на сумму 0.00",
    "action_flag": 3,
    "change_message": ""
  }
},
{
  "model": "admin.logentry",
  "pk": 63,
  "fields": {
    "action_time": "2021-05-05T22:58:30.359Z",
    "user": 1,
    "content_type": 12,
    "object_id": "53",
    "object_repr": "Заказ № 53 на сумму 0.00",
    "action_flag": 3,
    "change_message": ""
  }
},
{
  "model": "admin.logentry",
  "pk": 64,
  "fields": {
    "action_time": "2021-05-05T22:58:30.360Z",
    "user": 1,
    "content_type": 12,
    "object_id": "52",
    "object_repr": "Заказ № 52 на сумму 0.00",
    "action_flag": 3,
    "change_message": ""
  }
},
{
  "model": "admin.logentry",
  "pk": 65,
  "fields": {
    "action_time": "2021-05-05T22:58:30.361Z",
    "user": 1,
    "content_type": 12,
    "object_id": "51",
    "object_repr": "Заказ № 51 на сумму 0.00",
    "action_flag": 3,
    "change_message": ""
  }
},
{
  "model": "admin.logentry",
  "pk": 66,
  "fields": {
    "action_time": "2021-05-05T22:58:30.361Z",
    "user": 1,
    "content_type": 12,
    "object_id": "50",
    "object_repr": "Заказ № 50 на сумму 0.00",
    "action_flag": 3,
    "change_message": ""
  }
},
{
  "model": "admin.logentry",
  "pk": 67,
  "fields": {
    "action_time": "2021-05-05T22:58:30.362Z",
    "user": 1,
    "content_type": 12,
    "object_id": "49",
    "object_repr": "Заказ № 49 на сумму 0.00",
    "action_flag": 3,
    "change_message": ""
  }
},
{
  "model": "admin.logentry",
  "pk": 68,
  "fields": {
    "action_time": "2021-05-05T22:58:30.363Z",
    "user": 1,
    "content_type": 12,
    "object_id": "48",
    "object_repr": "Заказ № 48 на сумму 0.00",
    "action_flag": 3,
    "change_message": ""
  }
},
{
  "model": "admin.logentry",
  "pk": 69,
  "fields": {
    "action_time": "2021-05-05T22:58:30.364Z",
    "user": 1,
    "content_type": 12,
    "object_id": "47",
    "object_repr": "Заказ № 47 на сумму 0.00",
    "action_flag": 3,
    "change_message": ""
  }
},
{
  "model": "admin.logentry",
  "pk": 70,
  "fields": {
    "action_time": "2021-05-05T22:58:30.364Z",
    "user": 1,
    "content_type": 12,
    "object_id": "46",
    "object_repr": "Заказ № 46 на сумму 0.00",
    "action_flag": 3,
    "change_message": ""
  }
},
{
  "model": "admin.logentry",
  "pk": 71,
  "fields": {
    "action_time": "2021-05-05T22:58:30.365Z",
    "user": 1,
    "content_type": 12,
    "object_id": "45",
    "object_repr": "Заказ № 45 на сумму 0.00",
    "action_flag": 3,
    "change_message": ""
  }
},
{
  "model": "admin.logentry",
  "pk": 72,
  "fields": {
    "action_time": "2021-05-05T22:58:30.366Z",
    "user": 1,
    "content_type": 12,
    "object_id": "44",
    "object_repr": "Заказ № 44 на сумму 0.00",
    "action_flag": 3,
    "change_message": ""
  }
},
{
  "model": "admin.logentry",
  "pk": 73,
  "fields": {
    "action_time": "2021-05-05T22:58:30.366Z",
    "user": 1,
    "content_type": 12,
    "object_id": "43",
    "object_repr": "Заказ № 43 на сумму 0.00",
    "action_flag": 3,
    "change_message": ""
  }
},
{
  "model": "admin.logentry",
  "pk": 74,
  "fields": {
    "action_time": "2021-05-05T22:58:30.367Z",
    "user": 1,
    "content_type": 12,
    "object_id": "42",
    "object_repr": "Заказ № 42 на сумму 0.00",
    "action_flag": 3,
    "change_message": ""
  }
},
{
  "model": "admin.logentry",
  "pk": 75,
  "fields": {
    "action_time": "2021-05-05T22:58:30.368Z",
    "user": 1,
    "content_type": 12,
    "object_id": "41",
    "object_repr": "Заказ № 41 на сумму 0.00",
    "action_flag": 3,
    "change_message": ""
  }
},
{
  "model": "admin.logentry",
  "pk": 76,
  "fields": {
    "action_time": "2021-05-05T22:58:30.368Z",
    "user": 1,
    "content_type": 12,
    "object_id": "40",
    "object_repr": "Заказ № 40 на сумму 0.00",
    "action_flag": 3,
    "change_message": ""
  }
},
{
  "model": "admin.logentry",
  "pk": 77,
  "fields": {
    "action_time": "2021-05-05T22:58:30.369Z",
    "user": 1,
    "content_type": 12,
    "object_id": "39",
    "object_repr": "Заказ № 39 на сумму 0.00",
    "action_flag": 3,
    "change_message": ""
  }
},
{
  "model": "admin.logentry",
  "pk": 78,
  "fields": {
    "action_time": "2021-05-05T22:58:30.370Z",
    "user": 1,
    "content_type": 12,
    "object_id": "38",
    "object_repr": "Заказ № 38 на сумму 0.00",
    "action_flag": 3,
    "change_message": ""
  }
},
{
  "model": "admin.logentry",
  "pk": 79,
  "fields": {
    "action_time": "2021-05-05T22:58:30.370Z",
    "user": 1,
    "content_type": 12,
    "object_id": "37",
    "object_repr": "Заказ № 37 на сумму 0.00",
    "action_flag": 3,
    "change_message": ""
  }
},
{
  "model": "admin.logentry",
  "pk": 80,
  "fields": {
    "action_time": "2021-05-05T22:58:30.371Z",
    "user": 1,
    "content_type": 12,
    "object_id": "36",
    "object_repr": "Заказ № 36 на сумму 0.00",
    "action_flag": 3,
    "change_message": ""
  }
},
{
  "model": "admin.logentry",
  "pk": 81,
  "fields": {
    "action_time": "2021-05-05T22:58:30.372Z",
    "user": 1,
    "content_type": 12,
    "object_id": "35",
    "object_repr": "Заказ № 35 на сумму 0.00",
    "action_flag": 3,
    "change_message": ""
  }
},
{
  "model": "admin.logentry",
  "pk": 82,
  "fields": {
    "action_time": "2021-05-05T22:58:30.373Z",
    "user": 1,
    "content_type": 12,
    "object_id": "34",
    "object_repr": "Заказ № 34 на сумму 0.00",
    "action_flag": 3,
    "change_message": ""
  }
},
{
  "model": "admin.logentry",
  "pk": 83,
  "fields": {
    "action_time": "2021-05-05T22:58:30.374Z",
    "user": 1,
    "content_type": 12,
    "object_id": "33",
    "object_repr": "Заказ № 33 на сумму 0.00",
    "action_flag": 3,
    "change_message": ""
  }
},
{
  "model": "admin.logentry",
  "pk": 84,
  "fields": {
    "action_time": "2021-05-05T22:58:30.374Z",
    "user": 1,
    "content_type": 12,
    "object_id": "32",
    "object_repr": "Заказ № 32 на сумму 0.00",
    "action_flag": 3,
    "change_message": ""
  }
},
{
  "model": "admin.logentry",
  "pk": 85,
  "fields": {
    "action_time": "2021-05-05T22:58:30.375Z",
    "user": 1,
    "content_type": 12,
    "object_id": "31",
    "object_repr": "Заказ № 31 на сумму 0.00",
    "action_flag": 3,
    "change_message": ""
  }
},
{
  "model": "admin.logentry",
  "pk": 86,
  "fields": {
    "action_time": "2021-05-05T22:58:30.376Z",
    "user": 1,
    "content_type": 12,
    "object_id": "30",
    "object_repr": "Заказ № 30 на сумму 0.00",
    "action_flag": 3,
    "change_message": ""
  }
},
{
  "model": "admin.logentry",
  "pk": 87,
  "fields": {
    "action_time": "2021-05-05T22:58:30.376Z",
    "user": 1,
    "content_type": 12,
    "object_id": "29",
    "object_repr": "Заказ № 29 на сумму 0.00",
    "action_flag": 3,
    "change_message": ""
  }
},
{
  "model": "admin.logentry",
  "pk": 88,
  "fields": {
    "action_time": "2021-05-05T22:58:30.377Z",
    "user": 1,
    "content_type": 12,
    "object_id": "28",
    "object_repr": "Заказ № 28 на сумму 0.00",
    "action_flag": 3,
    "change_message": ""
  }
},
{
  "model": "admin.logentry",
  "pk": 89,
  "fields": {
    "action_time": "2021-05-05T22:58:30.377Z",
    "user": 1,
    "content_type": 12,
    "object_id": "27",
    "object_repr": "Заказ № 27 на сумму 0.00",
    "action_flag": 3,
    "change_message": ""
  }
},
{
  "model": "admin.logentry",
  "pk": 90,
  "fields": {
    "action_time": "2021-05-05T22:58:30.378Z",
    "user": 1,
    "content_type": 12,
    "object_id": "26",
    "object_repr": "Заказ № 26 на сумму 0.00",
    "action_flag": 3,
    "change_message": ""
  }
},
{
  "model": "admin.logentry",
  "pk": 91,
  "fields": {
    "action_time": "2021-05-05T22:58:30.379Z",
    "user": 1,
    "content_type": 12,
    "object_id": "25",
    "object_repr": "Заказ № 25 на сумму 0.00",
    "action_flag": 3,
    "change_message": ""
  }
},
{
  "model": "admin.logentry",
  "pk": 92,
  "fields": {
    "action_time": "2021-05-05T22:58:30.379Z",
    "user": 1,
    "content_type": 12,
    "object_id": "24",
    "object_repr": "Заказ № 24 на сумму 0.00",
    "action_flag": 3,
    "change_message": ""
  }
},
{
  "model": "admin.logentry",
  "pk": 93,
  "fields": {
    "action_time": "2021-05-05T22:58:30.380Z",
    "user": 1,
    "content_type": 12,
    "object_id": "23",
    "object_repr": "Заказ № 23 на сумму 0.00",
    "action_flag": 3,
    "change_message": ""
  }
},
{
  "model": "admin.logentry",
  "pk": 94,
  "fields": {
    "action_time": "2021-05-05T22:58:30.381Z",
    "user": 1,
    "content_type": 12,
    "object_id": "22",
    "object_repr": "Заказ № 22 на сумму 0.00",
    "action_flag": 3,
    "change_message": ""
  }
},
{
  "model": "admin.logentry",
  "pk": 95,
  "fields": {
    "action_time": "2021-05-05T22:58:30.382Z",
    "user": 1,
    "content_type": 12,
    "object_id": "21",
    "object_repr": "Заказ № 21 на сумму 0.00",
    "action_flag": 3,
    "change_message": ""
  }
},
{
  "model": "admin.logentry",
  "pk": 96,
  "fields": {
    "action_time": "2021-05-05T22:58:30.382Z",
    "user": 1,
    "content_type": 12,
    "object_id": "20",
    "object_repr": "Заказ № 20 на сумму 0.00",
    "action_flag": 3,
    "change_message": ""
  }
},
{
  "model": "admin.logentry",
  "pk": 97,
  "fields": {
    "action_time": "2021-05-05T22:58:30.383Z",
    "user": 1,
    "content_type": 12,
    "object_id": "19",
    "object_repr": "Заказ № 19 на сумму 0.00",
    "action_flag": 3,
    "change_message": ""
  }
},
{
  "model": "admin.logentry",
  "pk": 98,
  "fields": {
    "action_time": "2021-05-05T22:58:30.384Z",
    "user": 1,
    "content_type": 12,
    "object_id": "18",
    "object_repr": "Заказ № 18 на сумму 0.00",
    "action_flag": 3,
    "change_message": ""
  }
},
{
  "model": "admin.logentry",
  "pk": 99,
  "fields": {
    "action_time": "2021-05-05T22:58:30.385Z",
    "user": 1,
    "content_type": 12,
    "object_id": "17",
    "object_repr": "Заказ № 17 на сумму 0.00",
    "action_flag": 3,
    "change_message": ""
  }
},
{
  "model": "admin.logentry",
  "pk": 100,
  "fields": {
    "action_time": "2021-05-05T22:58:30.386Z",
    "user": 1,
    "content_type": 12,
    "object_id": "16",
    "object_repr": "Заказ № 16 на сумму 0.00",
    "action_flag": 3,
    "change_message": ""
  }
},
{
  "model": "admin.logentry",
  "pk": 101,
  "fields": {
    "action_time": "2021-05-05T22:58:30.386Z",
    "user": 1,
    "content_type": 12,
    "object_id": "15",
    "object_repr": "Заказ № 15 на сумму 0.00",
    "action_flag": 3,
    "change_message": ""
  }
},
{
  "model": "admin.logentry",
  "pk": 102,
  "fields": {
    "action_time": "2021-05-05T22:58:30.387Z",
    "user": 1,
    "content_type": 12,
    "object_id": "14",
    "object_repr": "Заказ № 14 на сумму 0.00",
    "action_flag": 3,
    "change_message": ""
  }
},
{
  "model": "admin.logentry",
  "pk": 103,
  "fields": {
    "action_time": "2021-05-05T22:58:30.388Z",
    "user": 1,
    "content_type": 12,
    "object_id": "13",
    "object_repr": "Заказ № 13 на сумму 17.00",
    "action_flag": 3,
    "change_message": ""
  }
},
{
  "model": "admin.logentry",
  "pk": 104,
  "fields": {
    "action_time": "2021-05-05T22:59:53.869Z",
    "user": 1,
    "content_type": 12,
    "object_id": "112",
    "object_repr": "Заказ № 112 на сумму 0",
    "action_flag": 1,
    "change_message": "[{\"added\": {}}, {\"added\": {\"name\": \"product order position\", \"object\": \"ProductOrderPosition object (61)\"}}, {\"added\": {\"name\": \"product order position\", \"object\": \"ProductOrderPosition object (62)\"}}]"
  }
},
{
  "model": "admin.logentry",
  "pk": 105,
  "fields": {
    "action_time": "2021-05-05T23:00:15.667Z",
    "user": 1,
    "content_type": 12,
    "object_id": "112",
    "object_repr": "Заказ № 112 на сумму 0.00",
    "action_flag": 3,
    "change_message": ""
  }
},
{
  "model": "auth.permission",
  "pk": 1,
  "fields": {
    "name": "Can add log entry",
    "content_type": 1,
    "codename": "add_logentry"
  }
},
{
  "model": "auth.permission",
  "pk": 2,
  "fields": {
    "name": "Can change log entry",
    "content_type": 1,
    "codename": "change_logentry"
  }
},
{
  "model": "auth.permission",
  "pk": 3,
  "fields": {
    "name": "Can delete log entry",
    "content_type": 1,
    "codename": "delete_logentry"
  }
},
{
  "model": "auth.permission",
  "pk": 4,
  "fields": {
    "name": "Can view log entry",
    "content_type": 1,
    "codename": "view_logentry"
  }
},
{
  "model": "auth.permission",
  "pk": 5,
  "fields": {
    "name": "Can add permission",
    "content_type": 2,
    "codename": "add_permission"
  }
},
{
  "model": "auth.permission",
  "pk": 6,
  "fields": {
    "name": "Can change permission",
    "content_type": 2,
    "codename": "change_permission"
  }
},
{
  "model": "auth.permission",
  "pk": 7,
  "fields": {
    "name": "Can delete permission",
    "content_type": 2,
    "codename": "delete_permission"
  }
},
{
  "model": "auth.permission",
  "pk": 8,
  "fields": {
    "name": "Can view permission",
    "content_type": 2,
    "codename": "view_permission"
  }
},
{
  "model": "auth.permission",
  "pk": 9,
  "fields": {
    "name": "Can add group",
    "content_type": 3,
    "codename": "add_group"
  }
},
{
  "model": "auth.permission",
  "pk": 10,
  "fields": {
    "name": "Can change group",
    "content_type": 3,
    "codename": "change_group"
  }
},
{
  "model": "auth.permission",
  "pk": 11,
  "fields": {
    "name": "Can delete group",
    "content_type": 3,
    "codename": "delete_group"
  }
},
{
  "model": "auth.permission",
  "pk": 12,
  "fields": {
    "name": "Can view group",
    "content_type": 3,
    "codename": "view_group"
  }
},
{
  "model": "auth.permission",
  "pk": 13,
  "fields": {
    "name": "Can add user",
    "content_type": 4,
    "codename": "add_user"
  }
},
{
  "model": "auth.permission",
  "pk": 14,
  "fields": {
    "name": "Can change user",
    "content_type": 4,
    "codename": "change_user"
  }
},
{
  "model": "auth.permission",
  "pk": 15,
  "fields": {
    "name": "Can delete user",
    "content_type": 4,
    "codename": "delete_user"
  }
},
{
  "model": "auth.permission",
  "pk": 16,
  "fields": {
    "name": "Can view user",
    "content_type": 4,
    "codename": "view_user"
  }
},
{
  "model": "auth.permission",
  "pk": 17,
  "fields": {
    "name": "Can add content type",
    "content_type": 5,
    "codename": "add_contenttype"
  }
},
{
  "model": "auth.permission",
  "pk": 18,
  "fields": {
    "name": "Can change content type",
    "content_type": 5,
    "codename": "change_contenttype"
  }
},
{
  "model": "auth.permission",
  "pk": 19,
  "fields": {
    "name": "Can delete content type",
    "content_type": 5,
    "codename": "delete_contenttype"
  }
},
{
  "model": "auth.permission",
  "pk": 20,
  "fields": {
    "name": "Can view content type",
    "content_type": 5,
    "codename": "view_contenttype"
  }
},
{
  "model": "auth.permission",
  "pk": 21,
  "fields": {
    "name": "Can add session",
    "content_type": 6,
    "codename": "add_session"
  }
},
{
  "model": "auth.permission",
  "pk": 22,
  "fields": {
    "name": "Can change session",
    "content_type": 6,
    "codename": "change_session"
  }
},
{
  "model": "auth.permission",
  "pk": 23,
  "fields": {
    "name": "Can delete session",
    "content_type": 6,
    "codename": "delete_session"
  }
},
{
  "model": "auth.permission",
  "pk": 24,
  "fields": {
    "name": "Can view session",
    "content_type": 6,
    "codename": "view_session"
  }
},
{
  "model": "auth.permission",
  "pk": 25,
  "fields": {
    "name": "Can add Token",
    "content_type": 7,
    "codename": "add_token"
  }
},
{
  "model": "auth.permission",
  "pk": 26,
  "fields": {
    "name": "Can change Token",
    "content_type": 7,
    "codename": "change_token"
  }
},
{
  "model": "auth.permission",
  "pk": 27,
  "fields": {
    "name": "Can delete Token",
    "content_type": 7,
    "codename": "delete_token"
  }
},
{
  "model": "auth.permission",
  "pk": 28,
  "fields": {
    "name": "Can view Token",
    "content_type": 7,
    "codename": "view_token"
  }
},
{
  "model": "auth.permission",
  "pk": 29,
  "fields": {
    "name": "Can add token",
    "content_type": 8,
    "codename": "add_tokenproxy"
  }
},
{
  "model": "auth.permission",
  "pk": 30,
  "fields": {
    "name": "Can change token",
    "content_type": 8,
    "codename": "change_tokenproxy"
  }
},
{
  "model": "auth.permission",
  "pk": 31,
  "fields": {
    "name": "Can delete token",
    "content_type": 8,
    "codename": "delete_tokenproxy"
  }
},
{
  "model": "auth.permission",
  "pk": 32,
  "fields": {
    "name": "Can view token",
    "content_type": 8,
    "codename": "view_tokenproxy"
  }
},
{
  "model": "auth.permission",
  "pk": 33,
  "fields": {
    "name": "Can add Товар",
    "content_type": 9,
    "codename": "add_product"
  }
},
{
  "model": "auth.permission",
  "pk": 34,
  "fields": {
    "name": "Can change Товар",
    "content_type": 9,
    "codename": "change_product"
  }
},
{
  "model": "auth.permission",
  "pk": 35,
  "fields": {
    "name": "Can delete Товар",
    "content_type": 9,
    "codename": "delete_product"
  }
},
{
  "model": "auth.permission",
  "pk": 36,
  "fields": {
    "name": "Can view Товар",
    "content_type": 9,
    "codename": "view_product"
  }
},
{
  "model": "auth.permission",
  "pk": 37,
  "fields": {
    "name": "Can add Отзыв",
    "content_type": 10,
    "codename": "add_review"
  }
},
{
  "model": "auth.permission",
  "pk": 38,
  "fields": {
    "name": "Can change Отзыв",
    "content_type": 10,
    "codename": "change_review"
  }
},
{
  "model": "auth.permission",
  "pk": 39,
  "fields": {
    "name": "Can delete Отзыв",
    "content_type": 10,
    "codename": "delete_review"
  }
},
{
  "model": "auth.permission",
  "pk": 40,
  "fields": {
    "name": "Can view Отзыв",
    "content_type": 10,
    "codename": "view_review"
  }
},
{
  "model": "auth.permission",
  "pk": 41,
  "fields": {
    "name": "Can add product order position",
    "content_type": 11,
    "codename": "add_productorderposition"
  }
},
{
  "model": "auth.permission",
  "pk": 42,
  "fields": {
    "name": "Can change product order position",
    "content_type": 11,
    "codename": "change_productorderposition"
  }
},
{
  "model": "auth.permission",
  "pk": 43,
  "fields": {
    "name": "Can delete product order position",
    "content_type": 11,
    "codename": "delete_productorderposition"
  }
},
{
  "model": "auth.permission",
  "pk": 44,
  "fields": {
    "name": "Can view product order position",
    "content_type": 11,
    "codename": "view_productorderposition"
  }
},
{
  "model": "auth.permission",
  "pk": 45,
  "fields": {
    "name": "Can add Заказ",
    "content_type": 12,
    "codename": "add_order"
  }
},
{
  "model": "auth.permission",
  "pk": 46,
  "fields": {
    "name": "Can change Заказ",
    "content_type": 12,
    "codename": "change_order"
  }
},
{
  "model": "auth.permission",
  "pk": 47,
  "fields": {
    "name": "Can delete Заказ",
    "content_type": 12,
    "codename": "delete_order"
  }
},
{
  "model": "auth.permission",
  "pk": 48,
  "fields": {
    "name": "Can view Заказ",
    "content_type": 12,
    "codename": "view_order"
  }
},
{
  "model": "auth.permission",
  "pk": 49,
  "fields": {
    "name": "Can add Подборка",
    "content_type": 13,
    "codename": "add_collection"
  }
},
{
  "model": "auth.permission",
  "pk": 50,
  "fields": {
    "name": "Can change Подборка",
    "content_type": 13,
    "codename": "change_collection"
  }
},
{
  "model": "auth.permission",
  "pk": 51,
  "fields": {
    "name": "Can delete Подборка",
    "content_type": 13,
    "codename": "delete_collection"
  }
},
{
  "model": "auth.permission",
  "pk": 52,
  "fields": {
    "name": "Can view Подборка",
    "content_type": 13,
    "codename": "view_collection"
  }
},
{
  "model": "auth.permission",
  "pk": 53,
  "fields": {
    "name": "Can add product collection",
    "content_type": 14,
    "codename": "add_productcollection"
  }
},
{
  "model": "auth.permission",
  "pk": 54,
  "fields": {
    "name": "Can change product collection",
    "content_type": 14,
    "codename": "change_productcollection"
  }
},
{
  "model": "auth.permission",
  "pk": 55,
  "fields": {
    "name": "Can delete product collection",
    "content_type": 14,
    "codename": "delete_productcollection"
  }
},
{
  "model": "auth.permission",
  "pk": 56,
  "fields": {
    "name": "Can view product collection",
    "content_type": 14,
    "codename": "view_productcollection"
  }
},
{
  "model": "auth.user",
  "pk": 1,
  "fields": {
    "password": "pbkdf2_sha256$260000$S3P4d0afRyGFhCe3hMvgUW$XfNIp8tJ8j+hJuPem7m62hHWyaXJDMp9DbiPIEPpvxI=",
    "last_login": "2021-05-01T17:30:23.797Z",
    "is_superuser": true,
    "username": "admin",
    "first_name": "",
    "last_name": "",
    "email": "admin@email.com",
    "is_staff": true,
    "is_active": true,
    "date_joined": "2021-04-30T17:28:15.213Z",
    "groups": [],
    "user_permissions": []
  }
},
{
  "model": "auth.user",
  "pk": 2,
  "fields": {
    "password": "pbkdf2_sha256$260000$z1DL9CtLuMuebSfOvRzgtb$37gXBGe7M+4ToIoGvUPxVx9BaqW4RkpEgilS1xU1TLQ=",
    "last_login": "2021-05-01T17:17:59.141Z",
    "is_superuser": false,
    "username": "testuser",
    "first_name": "",
    "last_name": "",
    "email": "",
    "is_staff": true,
    "is_active": true,
    "date_joined": "2021-05-01T13:15:33Z",
    "groups": [],
    "user_permissions": []
  }
},
{
  "model": "contenttypes.contenttype",
  "pk": 1,
  "fields": {
    "app_label": "admin",
    "model": "logentry"
  }
},
{
  "model": "contenttypes.contenttype",
  "pk": 2,
  "fields": {
    "app_label": "auth",
    "model": "permission"
  }
},
{
  "model": "contenttypes.contenttype",
  "pk": 3,
  "fields": {
    "app_label": "auth",
    "model": "group"
  }
},
{
  "model": "contenttypes.contenttype",
  "pk": 4,
  "fields": {
    "app_label": "auth",
    "model": "user"
  }
},
{
  "model": "contenttypes.contenttype",
  "pk": 5,
  "fields": {
    "app_label": "contenttypes",
    "model": "contenttype"
  }
},
{
  "model": "contenttypes.contenttype",
  "pk": 6,
  "fields": {
    "app_label": "sessions",
    "model": "session"
  }
},
{
  "model": "contenttypes.contenttype",
  "pk": 7,
  "fields": {
    "app_label": "authtoken",
    "model": "token"
  }
},
{
  "model": "contenttypes.contenttype",
  "pk": 8,
  "fields": {
    "app_label": "authtoken",
    "model": "tokenproxy"
  }
},
{
  "model": "contenttypes.contenttype",
  "pk": 9,
  "fields": {
    "app_label": "my_shop_app",
    "model": "product"
  }
},
{
  "model": "contenttypes.contenttype",
  "pk": 10,
  "fields": {
    "app_label": "my_shop_app",
    "model": "review"
  }
},
{
  "model": "contenttypes.contenttype",
  "pk": 11,
  "fields": {
    "app_label": "my_shop_app",
    "model": "productorderposition"
  }
},
{
  "model": "contenttypes.contenttype",
  "pk": 12,
  "fields": {
    "app_label": "my_shop_app",
    "model": "order"
  }
},
{
  "model": "contenttypes.contenttype",
  "pk": 13,
  "fields": {
    "app_label": "my_shop_app",
    "model": "collection"
  }
},
{
  "model": "contenttypes.contenttype",
  "pk": 14,
  "fields": {
    "app_label": "my_shop_app",
    "model": "productcollection"
  }
},
{
  "model": "sessions.session",
  "pk": "otm7iq8yfrp5nbgwkkln476tbibe9nvb",
  "fields": {
    "session_data": ".eJxVjEEOwiAQRe_C2hAotMy4dO8ZyDCDUjU0Ke3KeHfbpAvdvvf-f6tI61Li2vIcR1FnZdXplyXiZ667kAfV-6R5qss8Jr0n-rBNXyfJr8vR_h0UamVbG_YCeZDgXSBB19vk2IMjSYSp6_A2iPfcWyMIYCAwGgAynHDDiOrzBeBxN4c:1lctRf:cCxtJRvFGrAnua2qXoJyxnPyecuNHyeoOEXIHwNunNM",
    "expire_date": "2021-05-15T17:30:23.801Z"
  }
},
{
  "model": "my_shop_app.product",
  "pk": 1,
  "fields": {
    "name": "Apple MacBook Pro 13",
    "description": "Apple MacBook Pro 13.3 inch (M1, 2020) 8 ГБ 512 ГБ SSD, Touch Bar, «серый космос»",
    "price": "149990.00",
    "created_at": "2021-03-26T15:23:55.377Z",
    "updated_at": "2021-03-27T15:56:33.492Z"
  }
},
{
  "model": "my_shop_app.product",
  "pk": 2,
  "fields": {
    "name": "Apple MacBook Pro 16 inch",
    "description": "Apple MacBook Pro 16 inch Notebook 8 Core i9 2,4 ГГц, 32 ГБ, 2 ТБ SSD, AMD Radeon Pro 5500M, Touch Bar, «серый космос»",
    "price": "319990.00",
    "created_at": "2021-03-26T15:28:08.726Z",
    "updated_at": "2021-03-28T12:55:53.183Z"
  }
},
{
  "model": "my_shop_app.product",
  "pk": 3,
  "fields": {
    "name": "Apple iPhone 12 Pro Max",
    "description": "Smartphone Apple iPhone 12 Pro Max, 512 ГБ, «тихоокеанский синий»",
    "price": "139990.00",
    "created_at": "2021-03-26T15:34:54.873Z",
    "updated_at": "2021-03-26T15:34:54.873Z"
  }
},
{
  "model": "my_shop_app.product",
  "pk": 4,
  "fields": {
    "name": "Apple iPhone XR",
    "description": "Apple iPhone XR, 64 ГБ, DEEP RED",
    "price": "49990.00",
    "created_at": "2021-03-27T15:44:26.230Z",
    "updated_at": "2021-03-27T15:44:26.230Z"
  }
},
{
  "model": "my_shop_app.product",
  "pk": 5,
  "fields": {
    "name": "Apple Watch Series 6",
    "description": "Apple Watch Series 6, 44 мм, корпус из алюминия цвета «серый космос»",
    "price": "39490.00",
    "created_at": "2021-03-27T15:49:06.172Z",
    "updated_at": "2021-03-27T15:49:06.172Z"
  }
},
{
  "model": "my_shop_app.product",
  "pk": 6,
  "fields": {
    "name": "Apple MacBook Pro 16 inch",
    "description": "Apple MacBook Pro 16 inch Notebook 8 Core i9 2,4 ГГц, 64 ГБ, 8 ТБ SSD, AMD Radeon Pro 5500M, Touch Bar, «серый космос»",
    "price": "579990.00",
    "created_at": "2021-03-28T12:52:20.401Z",
    "updated_at": "2021-03-28T12:52:20.401Z"
  }
},
{
  "model": "my_shop_app.product",
  "pk": 7,
  "fields": {
    "name": "Внешний накопитель LaCie Mobile Drive",
    "description": "1 ТБ USB 3.0 USB-C для компьютеров следующего поколения гладкий, алюминиевый корпус  серебристый",
    "price": "11990.00",
    "created_at": "2021-03-28T13:05:15.472Z",
    "updated_at": "2021-03-28T14:37:52.674Z"
  }
},
{
  "model": "my_shop_app.product",
  "pk": 8,
  "fields": {
    "name": "Keenetic Speedster",
    "description": "Маршрутизатор Keenetic Speedster с двухдиапазонным Mesh Wi-Fi",
    "price": "5990.00",
    "created_at": "2021-03-28T13:20:23.780Z",
    "updated_at": "2021-03-28T13:20:23.780Z"
  }
},
{
  "model": "my_shop_app.product",
  "pk": 9,
  "fields": {
    "name": "Внешний аккумулятор Mophie Powerstation",
    "description": "Mophie Powerstation USB-C + 2хUSB-A PD 20000 мАч, черный",
    "price": "6490.00",
    "created_at": "2021-03-30T14:12:52.164Z",
    "updated_at": "2021-03-30T14:12:52.165Z"
  }
},
{
  "model": "my_shop_app.review",
  "pk": 1,
  "fields": {
    "author_id": 1,
    "product_id": 3,
    "rating": "5",
    "text": "Один из лучших смартфонов на рынке",
    "created_at": "2021-05-01T15:11:24.025Z",
    "updated_at": "2021-05-01T15:11:24.025Z"
  }
},
{
  "model": "my_shop_app.review",
  "pk": 2,
  "fields": {
    "author_id": 2,
    "product_id": 5,
    "rating": "5",
    "text": "Стильные часы от Apple с красивым дизайном и хорошим функционалом",
    "created_at": "2021-05-01T15:18:59.210Z",
    "updated_at": "2021-05-08T21:12:08.414Z"
  }
},
{
  "model": "my_shop_app.productorderposition",
  "pk": 59,
  "fields": {
    "product": 1,
    "order": 111,
    "quantity": 1
  }
},
{
  "model": "my_shop_app.productorderposition",
  "pk": 60,
  "fields": {
    "product": 2,
    "order": 111,
    "quantity": 1
  }
},
{
  "model": "my_shop_app.productorderposition",
  "pk": 63,
  "fields": {
    "product": 1,
    "order": 113,
    "quantity": 1
  }
},
{
  "model": "my_shop_app.productorderposition",
  "pk": 64,
  "fields": {
    "product": 2,
    "order": 113,
    "quantity": 1
  }
},
{
  "model": "my_shop_app.productorderposition",
  "pk": 65,
  "fields": {
    "product": 1,
    "order": 114,
    "quantity": 1
  }
},
{
  "model": "my_shop_app.productorderposition",
  "pk": 66,
  "fields": {
    "product": 2,
    "order": 114,
    "quantity": 1
  }
},
{
  "model": "my_shop_app.productorderposition",
  "pk": 67,
  "fields": {
    "product": 1,
    "order": 115,
    "quantity": 1
  }
},
{
  "model": "my_shop_app.productorderposition",
  "pk": 68,
  "fields": {
    "product": 2,
    "order": 115,
    "quantity": 1
  }
},
{
  "model": "my_shop_app.productorderposition",
  "pk": 69,
  "fields": {
    "product": 1,
    "order": 116,
    "quantity": 1
  }
},
{
  "model": "my_shop_app.productorderposition",
  "pk": 70,
  "fields": {
    "product": 2,
    "order": 116,
    "quantity": 1
  }
},
{
  "model": "my_shop_app.productorderposition",
  "pk": 71,
  "fields": {
    "product": 1,
    "order": 117,
    "quantity": 1
  }
},
{
  "model": "my_shop_app.productorderposition",
  "pk": 72,
  "fields": {
    "product": 2,
    "order": 117,
    "quantity": 1
  }
},
{
  "model": "my_shop_app.productorderposition",
  "pk": 73,
  "fields": {
    "product": 1,
    "order": 118,
    "quantity": 1
  }
},
{
  "model": "my_shop_app.productorderposition",
  "pk": 74,
  "fields": {
    "product": 2,
    "order": 118,
    "quantity": 1
  }
},
{
  "model": "my_shop_app.productorderposition",
  "pk": 75,
  "fields": {
    "product": 1,
    "order": 119,
    "quantity": 1
  }
},
{
  "model": "my_shop_app.productorderposition",
  "pk": 76,
  "fields": {
    "product": 2,
    "order": 119,
    "quantity": 1
  }
},
{
  "model": "my_shop_app.productorderposition",
  "pk": 77,
  "fields": {
    "product": 1,
    "order": 120,
    "quantity": 1
  }
},
{
  "model": "my_shop_app.productorderposition",
  "pk": 78,
  "fields": {
    "product": 2,
    "order": 120,
    "quantity": 1
  }
},
{
  "model": "my_shop_app.productorderposition",
  "pk": 79,
  "fields": {
    "product": 1,
    "order": 121,
    "quantity": 1
  }
},
{
  "model": "my_shop_app.productorderposition",
  "pk": 80,
  "fields": {
    "product": 2,
    "order": 121,
    "quantity": 1
  }
},
{
  "model": "my_shop_app.productorderposition",
  "pk": 81,
  "fields": {
    "product": 1,
    "order": 122,
    "quantity": 1
  }
},
{
  "model": "my_shop_app.productorderposition",
  "pk": 82,
  "fields": {
    "product": 2,
    "order": 122,
    "quantity": 1
  }
},
{
  "model": "my_shop_app.order",
  "pk": 111,
  "fields": {
    "buyer": 1,
    "order_status": "2",
    "order_price": "469980.00",
    "created_at": "2021-05-05T22:56:27.391Z",
    "updated_at": "2021-05-09T12:10:47.012Z"
  }
},
{
  "model": "my_shop_app.order",
  "pk": 113,
  "fields": {
    "buyer": 1,
    "order_status": "1",
    "order_price": "469980.00",
    "created_at": "2021-05-05T23:42:57.806Z",
    "updated_at": "2021-05-05T23:42:57.814Z"
  }
},
{
  "model": "my_shop_app.order",
  "pk": 114,
  "fields": {
    "buyer": 1,
    "order_status": "1",
    "order_price": "469980.00",
    "created_at": "2021-05-06T10:59:58.773Z",
    "updated_at": "2021-05-06T10:59:58.787Z"
  }
},
{
  "model": "my_shop_app.order",
  "pk": 115,
  "fields": {
    "buyer": 1,
    "order_status": "1",
    "order_price": "469980.00",
    "created_at": "2021-05-06T11:02:18.954Z",
    "updated_at": "2021-05-06T11:02:18.959Z"
  }
},
{
  "model": "my_shop_app.order",
  "pk": 116,
  "fields": {
    "buyer": 1,
    "order_status": "1",
    "order_price": "469980.00",
    "created_at": "2021-05-08T19:18:10.551Z",
    "updated_at": "2021-05-08T19:18:10.560Z"
  }
},
{
  "model": "my_shop_app.order",
  "pk": 117,
  "fields": {
    "buyer": 1,
    "order_status": "1",
    "order_price": "0.00",
    "created_at": "2021-05-08T19:46:35.136Z",
    "updated_at": "2021-05-08T19:46:35.136Z"
  }
},
{
  "model": "my_shop_app.order",
  "pk": 118,
  "fields": {
    "buyer": 1,
    "order_status": "1",
    "order_price": "0.00",
    "created_at": "2021-05-08T19:49:36.625Z",
    "updated_at": "2021-05-08T19:49:36.625Z"
  }
},
{
  "model": "my_shop_app.order",
  "pk": 119,
  "fields": {
    "buyer": 1,
    "order_status": "1",
    "order_price": "469980.00",
    "created_at": "2021-05-08T19:53:07.648Z",
    "updated_at": "2021-05-08T19:53:07.654Z"
  }
},
{
  "model": "my_shop_app.order",
  "pk": 120,
  "fields": {
    "buyer": 1,
    "order_status": "1",
    "order_price": "0.00",
    "created_at": "2021-05-08T21:27:45.614Z",
    "updated_at": "2021-05-08T21:27:45.614Z"
  }
},
{
  "model": "my_shop_app.order",
  "pk": 121,
  "fields": {
    "buyer": 1,
    "order_status": "1",
    "order_price": "469980.00",
    "created_at": "2021-05-08T21:30:13.179Z",
    "updated_at": "2021-05-08T21:30:13.196Z"
  }
},
{
  "model": "my_shop_app.order",
  "pk": 122,
  "fields": {
    "buyer": 2,
    "order_status": "1",
    "order_price": "469980.00",
    "created_at": "2021-05-09T11:53:35.210Z",
    "updated_at": "2021-05-09T11:53:35.245Z"
  }
},
{
  "model": "my_shop_app.productcollection",
  "pk": 20,
  "fields": {
    "product": 3,
    "collection": 10
  }
},
{
  "model": "my_shop_app.productcollection",
  "pk": 21,
  "fields": {
    "product": 5,
    "collection": 10
  }
},
{
  "model": "my_shop_app.productcollection",
  "pk": 22,
  "fields": {
    "product": 3,
    "collection": 14
  }
},
{
  "model": "my_shop_app.productcollection",
  "pk": 23,
  "fields": {
    "product": 5,
    "collection": 14
  }
},
{
  "model": "my_shop_app.productcollection",
  "pk": 24,
  "fields": {
    "product": 3,
    "collection": 15
  }
},
{
  "model": "my_shop_app.productcollection",
  "pk": 25,
  "fields": {
    "product": 5,
    "collection": 15
  }
},
{
  "model": "my_shop_app.collection",
  "pk": 8,
  "fields": {
    "title": "Collection 1",
    "text": "Apple iPhone XR + Apple Watch 6",
    "created_at": "2021-05-09T13:48:23.577Z",
    "updated_at": "2021-05-09T14:53:34.817Z"
  }
},
{
  "model": "my_shop_app.collection",
  "pk": 9,
  "fields": {
    "title": "Collection 2",
    "text": "Apple iPhone 12 Pro Max + Watch",
    "created_at": "2021-05-09T14:00:52.159Z",
    "updated_at": "2021-05-09T14:00:52.159Z"
  }
},
{
  "model": "my_shop_app.collection",
  "pk": 10,
  "fields": {
    "title": "Collection 1",
    "text": "Apple iPhone 12 Pro Max + Watch",
    "created_at": "2021-05-09T14:43:37.191Z",
    "updated_at": "2021-05-09T14:43:37.191Z"
  }
},
{
  "model": "my_shop_app.collection",
  "pk": 11,
  "fields": {
    "title": "Collection 1",
    "text": "Apple iPhone 12 Pro Max + Watch",
    "created_at": "2021-05-09T15:01:32.141Z",
    "updated_at": "2021-05-09T15:01:32.141Z"
  }
},
{
  "model": "my_shop_app.collection",
  "pk": 12,
  "fields": {
    "title": "Collection 1",
    "text": "Apple iPhone 12 Pro Max + Watch",
    "created_at": "2021-05-09T15:07:44.019Z",
    "updated_at": "2021-05-09T15:07:44.019Z"
  }
},
{
  "model": "my_shop_app.collection",
  "pk": 14,
  "fields": {
    "title": "Collection 1",
    "text": "Apple iPhone 12 Pro Max + Watch",
    "created_at": "2021-05-09T15:08:37.006Z",
    "updated_at": "2021-05-09T15:08:37.006Z"
  }
},
{
  "model": "my_shop_app.collection",
  "pk": 15,
  "fields": {
    "title": "Collection 1",
    "text": "Apple iPhone 12 Pro Max + Watch",
    "created_at": "2021-05-09T15:10:47.336Z",
    "updated_at": "2021-05-09T15:10:47.336Z"
  }
},
{
  "model": "authtoken.token",
  "pk": "338fa5cc838b987b24b498c31a16c90f36d47f06",
  "fields": {
    "user": 2,
    "created": "2021-05-01T13:17:26.458Z"
  }
},
{
  "model": "authtoken.token",
  "pk": "b69520707c58c545824f8ec3063e7183cc794784",
  "fields": {
    "user": 1,
    "created": "2021-05-01T13:11:51.322Z"
  }
}
]
